,username
0,Carpediem!
1,preety_jha23
2,sexyphotos.44
3,simaranjeet80
4,rahul_singh_1478
5,mar.fuego
6,bossbha366
7,gauriqueen9353018
8,y_jv80
9,edi.real82
10,abhishekrawat71183
11,aabhiii__09__
12,minhazfahim364
13,ahmadmustofa3859
14,anilrawal545
15,ansar_ali_a_
16,arifulpranto
17,neharikasarote
18,dhawal_p_londhe_
19,shekhfarhan2003
20,royal_x1_anmol_danger_x0.1
21,hardik_______pandya58
22,hastkalabags_
23,mr.munna_456
24,imindian908
25,kiran_neupane18
26,kriti_11_17
27,lalitapandey001
28,mhesh_mh_25
29,md.zishan.54540218
30,mo_najeer_shah
31,uniqueladyn
32,itsneetu660
33,korepadmesh0710
34,ashokmeghwal582126
35,riyadav1297
36,sameer_marks76
37,om_sath_sahib
38,shayar__govadiyo__
39,itx_su_raj_421
40,kok.x_02
41,bsc_agriculture123
42,maurya_arti_000
43,rohitsdrr
44,ig_shi_vam_soni
45,itz_digital_vishal_2.0
46,suparna__sarkar__63
47,noor._.102
48,lokhandeanugrah
49,its_by_n_3899
50,maushamchaurasiya
51,angel_p9hu
52,surukgupta
53,satya7323
54,ameet_kushwha
55,muskan_34722
56,p_art_4you
57,badmashahir2879
58,ashutosh_kajal_08
59,sleepythough_
60,anshu._.kashyap_1270
61,sharma.rahul523
62,rajiv.m7963
63,simply_pranay
64,i_surendra_dhaka_manana
65,reyansh_chaurasiya
66,mayankraj.kumar.3
67,manish_arya95
68,aakashchaurasia_09
69,priyankaaec79
70,impriyankav
71,rakeshyad9390
72,kumarprince529
73,satyajit143_
74,_manish.03_krrrr
75,shyam_sunder4456
76,ashish_shanti
77,parshantkumar694
78,rksharma14313
79,santosh.14339
80,mona9943lisha
81,rohit.s.rocky.1
82,uday.vishwakarma.77770
83,99100_98560
84,tinku.11hz1992
85,niren_mohanta
86,vish_satyavish
87,abdulhaque140491
88,sandhyachourasia1975
89,roh_it721
90,ersantoshgupta
91,sushil.singh02
92,pawan_yadav_05_
93,samir_chaurasiya
94,deepnamit
95,bhaskarkumarray
96,shyamsunderkumar1234
97,akumar30197
98,daily_doze_07
99,naushad.khan.549
100,ali32192019
101,hey_vikrant
102,chaurasiya6038
103,ishwarchandvishwakarma
104,narinder.lavi
105,satya_er_life
106,anjali_suchit
107,manishmishra8087
108,shabnam.khann13
109,jaypee035
110,ajabhijha8
111,anil550kumar
112,snehasneha8721
113,innosentshashii
114,gudanraj
115,siddhant.k.singh.9
116,munendrasingh.chak
117,vikramadityakumar
118,shashi_nayak_1491
119,chandeeppal
120,rajat.bhuyan.56
121,ma.njeet641
122,anamika__poddar
123,roopesh1989
124,ruchiparihar13
125,shiv.mandiyal
126,mukesh9848kumar
127,sachinsingh3009
128,sanjaypal198484
129,pramanik8385
130,himanshiprajapati
131,neha.chourasia.1297
132,d2d_misty_chaurasiya
133,sharmagaurav1492
134,singh_mith29
135,ravi.boora4003
136,sushilprakash94
137,chourasia6853
138,__upendra_kumar_
139,anshusrivastava992
140,itss_chandan
141,chandeep.pal.37
142,neerajsharma4212
143,babashyamproperties
144,budbakentertainment
145,thakurdharemandra
146,varsha.chourasiya.406
147,ganga_chuarasiya
148,45muskanchaurasiya
149,purshotamk06gmail.com7
150,me_bunty.singh
151,karn6866
152,muskan_chaurasiya_45
153,bhavin9764
154,maa_chandi_flower_events
155,searching_future_._._
156,pinturss459
157,sunil.20noi
158,nirmalashivam
159,_amita1980_
160,osr.camera.solutions
161,vikash_sub
162,ritwik_vaishnaw
163,samirff101
164,cutiepai2706
165,anish665504
166,jittu117
167,faridabegum5577
168,manjumathur124
169,er.jayprakash6365
170,sunilchaurasiya406
171,kunabhis
172,asif.qazi.750
173,alok1039
174,sahani8483
175,anandkeshar
176,ramavtar.prasad
177,tejpalbhatti5526
178,shashi1991.kr
179,amrendra_rajpoot12
180,pranavkumar50
181,lalbabu3
182,dineshmkr
183,mona.lisha517r2022
184,driving_lover_96
185,kundan.krishna91
186,satyanandkisku
187,vikash.chaurasiya.165685
188,haridwarku
189,kumardeepak77820
190,mayankraj9229
191,kd66957
192,fzgymlalru
193,cpa.sudheer.k
194,pretammm
195,rekhakumari931
196,sanjivkumar4252
197,sonam_chaurasiya19
198,vijay.prajapati.3363
199,sivabaniwal
200,saifkhan00614
201,dharmu.rsg
202,ratnesh.srivastava.564
203,surajyadav970
204,shyam.mishra.9
205,sthbjkjg
206,sanukumar7773
207,yogisam_love
208,sanjay_mehta.07
209,mritunjay100
210,ravi6845shankar
211,riteshk_sharma
212,chourasiya7511
213,srivastav_rudra
214,sam.eer9233
215,amitmauryavanshi
216,rekhakumari5703
217,sp.vish0779
218,ankushjaiswal468
219,kumar.prince298
220,shivranjan.raj
221,rkdp_2013
222,ansari.dabir
223,pooj8682
224,rajkumar.mishra.52
225,9575pankajkumar
226,riroy3825
227,fydifhogvds
228,ramashankar936
229,123456.pooja
230,ermanmohans
231,kumarrajeshsharma99
232,raiheerarai
233,asho.k4220
234,iamshekhar___
235,jitendrathakur681
236,dilipsharma273
237,giri.shashibhushan
238,santoshnidhi143
239,sangita.agra
240,chourasiyakanhaiya
241,satya.p4july
242,harprasad.singh.9
243,oprakashray
244,mohdsalman5328
245,vraj1160
246,bhupendrasingh3547
247,deepak.kumaryadav.790
248,apurba3748
249,raghunath_mandal_1234
250,shilpi.sanu
251,bhanucoolstar
252,poojakanwar659l
253,masti_for_india
254,jamil6583
255,ansari_dabir
256,jitendrasharma30
257,chourasiadilip2008
258,an.il8186
259,dealsrightnow_app
260,bidhutrauat
261,santoshsha9263
262,arunkumarmahato92
